feature,overall_selection_count,overall_selection_frequency,lasso_logistic_selection_frequency,elastic_net_selection_frequency,linear_svm_selection_frequency,rbf_svm_selection_frequency,random_forest_selection_frequency,gradient_boosting_selection_frequency,mlp_small_selection_frequency,models_selecting_feature
ASPN,350,1.0,1.0,1.0,1.0,1.0,1.0,1.0,1.0,7
CBS,350,1.0,1.0,1.0,1.0,1.0,1.0,1.0,1.0,7
COL14A1,350,1.0,1.0,1.0,1.0,1.0,1.0,1.0,1.0,7
GPX3,350,1.0,1.0,1.0,1.0,1.0,1.0,1.0,1.0,7
MGAM,350,1.0,1.0,1.0,1.0,1.0,1.0,1.0,1.0,7
PSD3,350,1.0,1.0,1.0,1.0,1.0,1.0,1.0,1.0,7
SLCO4A1,350,1.0,1.0,1.0,1.0,1.0,1.0,1.0,1.0,7
SYTL2,350,1.0,1.0,1.0,1.0,1.0,1.0,1.0,1.0,7
FNDC1,348,0.9942857142857143,0.98,0.98,1.0,1.0,1.0,1.0,1.0,7
NECAB1,347,0.9914285714285714,1.0,0.98,0.96,1.0,1.0,1.0,1.0,7
HMCN1,342,0.9771428571428571,0.94,0.94,0.96,1.0,1.0,1.0,1.0,7
KLHL13,340,0.9714285714285714,0.94,0.94,0.92,1.0,1.0,1.0,1.0,7
CDH3,326,0.9314285714285714,0.82,0.86,0.84,1.0,1.0,1.0,1.0,7
TNFRSF19,323,0.9228571428571428,0.8,0.82,0.84,1.0,1.0,1.0,1.0,7
IL1R2,320,0.9142857142857143,0.78,0.86,0.76,1.0,1.0,1.0,1.0,7
CSF3R,315,0.9,0.76,0.76,0.78,1.0,1.0,1.0,1.0,7
PTGFRN,310,0.8857142857142857,0.74,0.76,0.74,0.98,1.0,0.98,1.0,7
GLT1D1,302,0.8628571428571429,0.62,0.7,0.74,0.98,1.0,1.0,1.0,7
PDE7B,295,0.8428571428571429,0.6,0.64,0.66,1.0,1.0,1.0,1.0,7
GRASP,292,0.8342857142857143,0.6,0.68,0.68,0.96,1.0,0.94,0.98,7
CD24,280,0.8,0.58,0.64,0.64,0.88,1.0,0.9,0.96,7
LRRC17,280,0.8,0.56,0.64,0.64,0.9,1.0,0.9,0.96,7
CFH,271,0.7742857142857142,0.54,0.6,0.62,0.84,1.0,0.84,0.98,7
GXYLT2,265,0.7571428571428571,0.54,0.58,0.62,0.84,1.0,0.8,0.92,7
TPPP3,252,0.72,0.5,0.62,0.62,0.76,1.0,0.7,0.84,7
FASN,250,0.7142857142857143,0.44,0.54,0.56,0.76,1.0,0.8,0.9,7
THY1,242,0.6914285714285714,0.42,0.5,0.52,0.8,1.0,0.72,0.88,7
IL18RAP,237,0.6771428571428572,0.46,0.48,0.5,0.76,1.0,0.72,0.82,7
SDR16C5,236,0.6742857142857143,0.4,0.5,0.58,0.76,0.98,0.66,0.84,7
DIO2,235,0.6714285714285714,0.42,0.44,0.5,0.76,1.0,0.74,0.84,7
NPR1,230,0.6571428571428571,0.42,0.54,0.56,0.72,0.96,0.62,0.78,7
IL18R1,220,0.6285714285714286,0.38,0.46,0.52,0.72,0.96,0.6,0.76,7
DCLK1,219,0.6257142857142857,0.4,0.48,0.52,0.7,0.96,0.56,0.76,7
CNTN3,210,0.6,0.4,0.46,0.5,0.58,0.96,0.56,0.74,7
CXCL14,210,0.6,0.38,0.52,0.52,0.66,0.88,0.54,0.7,7
MMP7,200,0.5714285714285714,0.34,0.5,0.52,0.54,0.98,0.5,0.62,7
COL15A1,199,0.5685714285714286,0.36,0.42,0.5,0.6,0.9,0.48,0.72,7
ECM2,195,0.5571428571428572,0.38,0.44,0.48,0.54,0.88,0.46,0.72,7
S100A8,191,0.5457142857142857,0.34,0.46,0.56,0.5,0.88,0.42,0.66,7
ITGA10,182,0.52,0.3,0.42,0.5,0.48,0.94,0.36,0.64,7
F2RL3,170,0.4857142857142857,0.26,0.36,0.46,0.5,0.9,0.38,0.54,7
FPR1,170,0.4857142857142857,0.28,0.36,0.5,0.46,0.9,0.34,0.56,7
PCDH7,170,0.4857142857142857,0.32,0.42,0.46,0.44,0.88,0.34,0.54,7
ANK2,164,0.4685714285714286,0.32,0.36,0.48,0.44,0.82,0.4,0.46,7
C12ORF75,148,0.4228571428571429,0.28,0.32,0.42,0.4,0.72,0.38,0.44,7
ACSL1,145,0.4142857142857143,0.24,0.36,0.48,0.36,0.8,0.24,0.42,7
ID1,140,0.4,0.24,0.36,0.44,0.3,0.78,0.24,0.44,7
HSPA4L,129,0.36857142857142855,0.16,0.36,0.44,0.24,0.74,0.26,0.38,7
COL1A1,120,0.34285714285714286,0.26,0.34,0.42,0.22,0.74,0.12,0.3,7
PLLP,113,0.32285714285714284,0.18,0.32,0.4,0.18,0.74,0.16,0.28,7
HIF3A,112,0.32,0.14,0.34,0.48,0.18,0.7,0.16,0.24,7
PAPSS2,111,0.3171428571428571,0.2,0.34,0.44,0.22,0.72,0.08,0.22,7
PROK2,111,0.3171428571428571,0.18,0.28,0.44,0.26,0.66,0.12,0.28,7
BTNL9,108,0.30857142857142855,0.12,0.32,0.44,0.18,0.7,0.14,0.26,7
FGF14,108,0.30857142857142855,0.2,0.32,0.42,0.16,0.64,0.2,0.22,7
GPR4,108,0.30857142857142855,0.2,0.32,0.44,0.18,0.62,0.16,0.24,7
FMO5,105,0.3,0.16,0.3,0.42,0.14,0.68,0.18,0.22,7
LRRN1,94,0.26857142857142857,0.16,0.32,0.42,0.08,0.6,0.1,0.2,7
PDGFRA,91,0.26,0.12,0.3,0.44,0.1,0.58,0.1,0.18,7
LTBP1,89,0.2542857142857143,0.2,0.28,0.4,0.1,0.58,0.08,0.14,7
ACVRL1,88,0.25142857142857145,0.16,0.28,0.42,0.14,0.58,0.06,0.12,7
OGN,87,0.24857142857142858,0.16,0.28,0.42,0.12,0.54,0.1,0.12,7
S1PR1,85,0.24285714285714285,0.12,0.3,0.42,0.1,0.6,0.06,0.1,7
MFSD2A,83,0.23714285714285716,0.14,0.26,0.4,0.06,0.6,0.06,0.14,7
CLEC4E,82,0.2342857142857143,0.12,0.28,0.42,0.08,0.58,0.06,0.1,7
FLT1,81,0.23142857142857143,0.12,0.28,0.42,0.06,0.56,0.06,0.12,7
PRSS12,80,0.22857142857142856,0.1,0.3,0.4,0.08,0.52,0.06,0.14,7
GOLM1,77,0.22,0.12,0.3,0.4,0.04,0.56,0.06,0.06,7
TRIM2,75,0.21428571428571427,0.1,0.26,0.42,0.06,0.54,0.04,0.08,7
SULF1,73,0.20857142857142857,0.12,0.28,0.4,0.02,0.54,0.04,0.06,7
CRTAC1,73,0.20857142857142857,0.1,0.28,0.4,0.04,0.6,0.0,0.04,6
CDH2,71,0.20285714285714285,0.12,0.26,0.42,0.02,0.52,0.02,0.06,7
FCN3,71,0.20285714285714285,0.1,0.26,0.4,0.02,0.56,0.02,0.06,7
CP,70,0.2,0.1,0.28,0.4,0.02,0.5,0.04,0.06,7
GLT8D2,70,0.2,0.14,0.26,0.34,0.06,0.48,0.06,0.06,7
HPSE2,69,0.19714285714285715,0.12,0.26,0.4,0.04,0.52,0.02,0.02,7
SULT1B1,69,0.19714285714285715,0.12,0.28,0.42,0.0,0.52,0.0,0.04,5
COL17A1,68,0.19428571428571428,0.1,0.28,0.4,0.0,0.5,0.02,0.06,6
DUOX1,67,0.19142857142857142,0.1,0.24,0.36,0.04,0.48,0.06,0.06,7
COL3A1,66,0.18857142857142858,0.12,0.26,0.38,0.04,0.46,0.02,0.04,7
IL13RA2,66,0.18857142857142858,0.1,0.28,0.38,0.02,0.5,0.02,0.02,7
SPATA18,66,0.18857142857142858,0.1,0.26,0.4,0.0,0.5,0.02,0.04,6
ZNF521,65,0.18571428571428572,0.12,0.26,0.38,0.02,0.46,0.04,0.02,7
COMP,65,0.18571428571428572,0.1,0.26,0.4,0.02,0.52,0.0,0.0,5
AFF3,64,0.18285714285714286,0.1,0.24,0.36,0.02,0.52,0.0,0.04,6
PAMR1,62,0.17714285714285713,0.08,0.24,0.38,0.02,0.44,0.04,0.04,7
CRISPLD1,62,0.17714285714285713,0.1,0.24,0.38,0.02,0.48,0.0,0.02,6
HHLA2,55,0.15714285714285714,0.1,0.22,0.34,0.0,0.44,0.0,0.0,4
FAM13C,53,0.15142857142857144,0.08,0.18,0.34,0.02,0.4,0.02,0.02,7
ITGB8,47,0.13428571428571429,0.08,0.2,0.26,0.02,0.36,0.0,0.02,6
ASPA,44,0.12571428571428572,0.08,0.14,0.26,0.02,0.34,0.02,0.02,7
DZIP3,43,0.12285714285714286,0.08,0.18,0.24,0.0,0.36,0.0,0.0,4
PGM5,41,0.11714285714285715,0.06,0.12,0.26,0.0,0.38,0.0,0.0,4
CAP2,40,0.11428571428571428,0.06,0.14,0.28,0.0,0.32,0.0,0.0,4
PTPRB,37,0.10571428571428572,0.06,0.16,0.26,0.0,0.26,0.0,0.0,4
SLC18A2,37,0.10571428571428572,0.04,0.12,0.24,0.0,0.34,0.0,0.0,4
TP63,37,0.10571428571428572,0.06,0.14,0.22,0.0,0.32,0.0,0.0,4
WDR49,35,0.1,0.08,0.14,0.16,0.0,0.32,0.0,0.0,4
MS4A2,32,0.09142857142857143,0.02,0.1,0.22,0.0,0.3,0.0,0.0,4
APLNR,31,0.08857142857142856,0.06,0.16,0.22,0.0,0.18,0.0,0.0,4
CCL13,28,0.08,0.04,0.14,0.16,0.0,0.22,0.0,0.0,4
LRRC32,26,0.07428571428571429,0.04,0.08,0.18,0.0,0.22,0.0,0.0,4
ITLN2,25,0.07142857142857142,0.02,0.12,0.18,0.0,0.18,0.0,0.0,4
FIBIN,20,0.05714285714285714,0.04,0.12,0.08,0.0,0.14,0.0,0.02,5
SLC11A1,19,0.054285714285714284,0.02,0.04,0.12,0.0,0.2,0.0,0.0,4
SYNPO2,19,0.054285714285714284,0.02,0.06,0.12,0.0,0.18,0.0,0.0,4
COL1A2,18,0.05142857142857143,0.02,0.12,0.08,0.0,0.14,0.0,0.0,4
KRT5,18,0.05142857142857143,0.02,0.06,0.1,0.0,0.18,0.0,0.0,4
SCN1A,18,0.05142857142857143,0.04,0.08,0.1,0.0,0.14,0.0,0.0,4
TGFB3,18,0.05142857142857143,0.02,0.1,0.12,0.0,0.12,0.0,0.0,4
HMGCS1,16,0.045714285714285714,0.02,0.08,0.14,0.0,0.08,0.0,0.0,4
CCDC80,15,0.04285714285714286,0.02,0.08,0.08,0.0,0.12,0.0,0.0,4
CLDN1,13,0.037142857142857144,0.04,0.06,0.06,0.0,0.1,0.0,0.0,4
CD1C,11,0.03142857142857143,0.02,0.04,0.04,0.02,0.08,0.0,0.02,6
CD163,10,0.02857142857142857,0.02,0.04,0.02,0.0,0.12,0.0,0.0,4
GEM,10,0.02857142857142857,0.0,0.04,0.08,0.0,0.08,0.0,0.0,3
GPX8,9,0.025714285714285714,0.02,0.06,0.08,0.0,0.02,0.0,0.0,4
ZNF385B,9,0.025714285714285714,0.02,0.06,0.06,0.0,0.04,0.0,0.0,4
NRP2,9,0.025714285714285714,0.0,0.02,0.08,0.0,0.08,0.0,0.0,3
TMEM100,9,0.025714285714285714,0.0,0.06,0.06,0.0,0.06,0.0,0.0,3
NEK11,6,0.017142857142857144,0.02,0.02,0.04,0.0,0.04,0.0,0.0,4
INMT,6,0.017142857142857144,0.0,0.02,0.06,0.0,0.04,0.0,0.0,3
CTSK,4,0.011428571428571429,0.0,0.02,0.04,0.0,0.02,0.0,0.0,3
IL1RL1,3,0.008571428571428572,0.0,0.02,0.02,0.0,0.02,0.0,0.0,3
PFN2,3,0.008571428571428572,0.02,0.0,0.02,0.0,0.02,0.0,0.0,3
SFRP4,3,0.008571428571428572,0.0,0.02,0.02,0.0,0.02,0.0,0.0,3
SMAD6,3,0.008571428571428572,0.02,0.02,0.0,0.0,0.02,0.0,0.0,3
EPC1,2,0.005714285714285714,0.0,0.0,0.02,0.0,0.02,0.0,0.0,2
POSTN,2,0.005714285714285714,0.0,0.02,0.02,0.0,0.0,0.0,0.0,2
ADM,1,0.002857142857142857,0.0,0.0,0.0,0.0,0.02,0.0,0.0,1
